date,time,price,tick_by_tick_return
2023-01-02,00:00:00,100.0,0.0
2023-01-02,00:01:00,99.61,-0.0039000000000000146
2023-01-02,00:02:00,99.6,-0.00010039152695517917
2023-01-02,00:03:00,99.44,-0.0016064257028112205
2023-01-02,00:04:00,99.07,-0.0037208366854385444
2023-01-02,00:05:00,99.42,0.0035328555566771502
2023-01-02,00:06:00,99.3,-0.001207000603500319
2023-01-02,00:07:00,99.1,-0.002014098690835908
2023-01-02,00:08:00,99.37,0.00272452068617568
2023-01-02,00:09:00,99.05,-0.003220287813223366
2023-01-02,00:10:00,98.72,-0.0033316506814740077
2023-01-02,00:11:00,98.75,0.000303889789303069
2023-01-02,00:12:00,98.97,0.0022278481012658613
2023-01-02,00:13:00,99.14,0.0017176922299686481
2023-01-02,00:14:00,99.06,-0.0008069396812587781
2023-01-02,00:15:00,98.81,-0.0025237229961639907
2023-01-02,00:16:00,99.21,0.004048173261815613
2023-01-02,00:17:00,100.04,0.008366092127809921
2023-01-02,00:18:00,100.29,0.002499000399839968
2023-01-02,00:19:00,100.32,0.0002991325157042368
2023-01-02,00:20:00,100.51,0.0018939393939394478
2023-01-02,00:21:00,100.41,-0.0009949258780221903
2023-01-02,00:22:00,100.45,0.00039836669654413903
2023-01-02,00:23:00,100.35,-0.0009955201592832807
2023-01-02,00:24:00,100.31,-0.0003986048829097699
2023-01-02,00:25:00,100.34,0.000299072874090367
2023-01-02,00:26:00,100.41,0.0006976280645802913
2023-01-02,00:27:00,100.34,-0.0006971417189521878
2023-01-02,00:28:00,100.77,0.004285429539565344
2023-01-02,00:29:00,100.73,-0.00039694353478214595
2023-01-02,00:30:00,100.9,0.0016876799364637929
2023-01-02,00:31:00,101.17,0.0026759167492567126
2023-01-02,00:32:00,101.5,0.00326183651280032
2023-01-02,00:33:00,101.16,-0.0033497536945813478
2023-01-02,00:34:00,101.28,0.0011862396204034287
2023-01-02,00:35:00,101.47,0.0018759873617693046
2023-01-02,00:36:00,101.56,0.0008869616635458488
2023-01-02,00:37:00,101.48,-0.0007877116975186782
2023-01-02,00:38:00,101.82,0.003350413874654956
2023-01-02,00:39:00,101.66,-0.0015714005107051454
2023-01-02,00:40:00,101.75,0.0008853039543577079
2023-01-02,00:41:00,101.7,-0.0004914004914005066
2023-01-02,00:42:00,101.89,0.0018682399213372225
2023-01-02,00:43:00,102.1,0.002061046226322416
2023-01-02,00:44:00,101.72,-0.0037218413320273536
2023-01-02,00:45:00,101.3,-0.004128981517892316
2023-01-02,00:46:00,101.25,-0.000493583415597243
2023-01-02,00:47:00,101.16,-0.000888888888888939
2023-01-02,00:48:00,101.25,0.000889679715302627
2023-01-02,00:49:00,101.42,0.0016790123456791317
2023-01-02,00:50:00,101.13,-0.0028593965687241374
2023-01-02,00:51:00,100.93,-0.0019776525264509903
2023-01-02,00:52:00,100.92,-9.907856930546632e-05
2023-01-02,00:53:00,101.6,0.006738010305192166
2023-01-02,00:54:00,101.23,-0.0036417322834644272
2023-01-02,00:55:00,101.25,0.0001975698903486922
2023-01-02,00:56:00,101.38,0.0012839506172839243
2023-01-02,00:57:00,101.58,0.0019727756954035502
2023-01-02,00:58:00,101.59,9.844457570395981e-05
2023-01-02,00:59:00,101.55,-0.00039373954129351407
2023-01-02,01:00:00,101.62,0.0006893156080749474
2023-01-02,01:01:00,101.64,0.00019681165124962874
2023-01-02,01:02:00,101.65,9.838646202298129e-05
2023-01-02,01:03:00,101.84,0.0018691588785046953
2023-01-02,01:04:00,101.6,-0.002356637863315081
2023-01-02,01:05:00,101.54,-0.0005905511811022945
2023-01-02,01:06:00,101.82,0.00275753397675782
2023-01-02,01:07:00,101.83,9.821253191910628e-05
2023-01-02,01:08:00,101.78,-0.0004910144358243329
2023-01-02,01:09:00,101.56,-0.002161524857535846
2023-01-02,01:10:00,101.49,-0.0006892477353289683
2023-01-02,01:11:00,101.55,0.0005911912503695493
2023-01-02,01:12:00,101.61,0.0005908419497784312
2023-01-02,01:13:00,101.79,0.001771479185119551
2023-01-02,01:14:00,101.91,0.0011788977306217419
2023-01-02,01:15:00,102.28,0.0036306544990678535
2023-01-02,01:16:00,102.13,-0.0014665623777865289
2023-01-02,01:17:00,102.65,0.005091549985313026
2023-01-02,01:18:00,102.92,0.0026302971261567
2023-01-02,01:19:00,103.12,0.001943256898562007
2023-01-02,01:20:00,102.72,-0.0038789759503491394
2023-01-02,01:21:00,103.03,0.0030179127725857846
2023-01-02,01:22:00,102.44,-0.005726487430845473
2023-01-02,01:23:00,102.43,-9.761811792263764e-05
2023-01-02,01:24:00,101.48,-0.009274626574245826
2023-01-02,01:25:00,101.43,-0.0004927079227433628
2023-01-02,01:26:00,101.52,0.0008873114463174847
2023-01-02,01:27:00,101.51,-9.85027580771014e-05
2023-01-02,01:28:00,101.35,-0.001576199389222821
2023-01-02,01:29:00,101.26,-0.000888011840157743
2023-01-02,01:30:00,100.62,-0.006320363420896702
2023-01-02,01:31:00,100.65,0.00029815146094214207
2023-01-02,01:32:00,100.47,-0.001788375558867461
2023-01-02,01:33:00,100.65,0.0017915795759928521
2023-01-02,01:34:00,101.06,0.004073522106308847
2023-01-02,01:35:00,101.44,0.0037601424896100966
2023-01-02,01:36:00,101.11,-0.003253154574132444
2023-01-02,01:37:00,100.89,-0.0021758480862427154
2023-01-02,01:38:00,100.89,0.0
2023-01-02,01:39:00,101.11,0.002180592724749797
2023-01-02,01:40:00,100.98,-0.001285728414597953
2023-01-02,01:41:00,100.92,-0.0005941770647652778
2023-01-02,01:42:00,100.93,9.908838684102861e-05
2023-01-02,01:43:00,100.82,-0.0010898642623602406
2023-01-02,01:44:00,100.79,-0.000297560007934794
2023-01-02,01:45:00,100.75,-0.00039686476833022954
2023-01-02,01:46:00,100.7,-0.0004962779156327812
2023-01-02,01:47:00,100.65,-0.0004965243296921606
2023-01-02,01:48:00,100.72,0.0006954793840039386
2023-01-02,01:49:00,100.53,-0.0018864177918983538
2023-01-02,01:50:00,99.92,-0.0060678404456381285
2023-01-02,01:51:00,99.79,-0.0013010408326661338
2023-01-02,01:52:00,100.0,0.0021044192804888784
2023-01-02,01:53:00,99.96,-0.00040000000000006697
2023-01-02,01:54:00,99.64,-0.003201280512204807
2023-01-02,01:55:00,99.69,0.0005018065034123609
2023-01-02,01:56:00,99.9,0.002106530243755733
2023-01-02,01:57:00,99.47,-0.004304304304304396
2023-01-02,01:58:00,99.07,-0.0040213129586810226
2023-01-02,01:59:00,98.79,-0.002826284445341498
2023-01-02,02:00:00,98.5,-0.00293551978945239
2023-01-02,02:01:00,98.95,0.004568527918781706
2023-01-02,02:02:00,98.67,-0.0028297119757453304
2023-01-02,02:03:00,98.89,0.0022296544035673715
2023-01-02,02:04:00,99.08,0.0019213267266660061
2023-01-02,02:05:00,99.26,0.0018167137666533772
2023-01-02,02:06:00,99.34,0.0008059641345958823
2023-01-02,02:07:00,99.15,-0.001912623313871542
2023-01-02,02:08:00,99.02,-0.0013111447302068813
2023-01-02,02:09:00,98.73,-0.0029287012724701356
2023-01-02,02:10:00,98.5,-0.002329585738883866
2023-01-02,02:11:00,98.22,-0.0028426395939086246
2023-01-02,02:12:00,98.21,-0.00010181225819594353
2023-01-02,02:13:00,98.05,-0.001629161999796347
2023-01-02,02:14:00,98.16,0.0011218765935747665
2023-01-02,02:15:00,98.45,0.002954360228198949
2023-01-02,02:16:00,99.07,0.006297613001523539
2023-01-02,02:17:00,99.04,-0.0003028161905721527
2023-01-02,02:18:00,98.65,-0.00393780290791601
2023-01-02,02:19:00,99.0,0.003547896604155998
2023-01-02,02:20:00,98.96,-0.00040404040404051766
2023-01-02,02:21:00,99.16,0.0020210185933711156
2023-01-02,02:22:00,98.86,-0.003025413473174643
2023-01-02,02:23:00,98.73,-0.0013149908962167833
2023-01-02,02:24:00,98.77,0.00040514534589286555
2023-01-02,02:25:00,98.54,-0.002328642300293504
2023-01-02,02:26:00,98.86,0.0032474122183883125
2023-01-02,02:27:00,99.27,0.004147278980376257
2023-01-02,02:28:00,99.35,0.0008058829455022121
2023-01-02,02:29:00,99.21,-0.0014091595369903898
2023-01-02,02:30:00,99.03,-0.001814333232536991
2023-01-02,02:31:00,98.95,-0.0008078360092901304
2023-01-02,02:32:00,98.85,-0.001010611419909102
2023-01-02,02:33:00,98.67,-0.0018209408194233
2023-01-02,02:34:00,98.84,0.00172291476639308
2023-01-02,02:35:00,98.63,-0.0021246458923513956
2023-01-02,02:36:00,98.61,-0.0002027780594139328
2023-01-02,02:37:00,98.99,0.003853564547206201
2023-01-02,02:38:00,98.77,-0.002222446711789061
2023-01-02,02:39:00,98.77,0.0
2023-01-02,02:40:00,98.63,-0.0014174344436569397
2023-01-02,02:41:00,98.71,0.0008111122376559532
2023-01-02,02:42:00,98.57,-0.0014182960186405191
2023-01-02,02:43:00,98.1,-0.004768185046160056
2023-01-02,02:44:00,97.93,-0.001732925586136469
2023-01-02,02:45:00,97.72,-0.002144388849178114
2023-01-02,02:46:00,97.94,0.0022513303315594424
2023-01-02,02:47:00,97.88,-0.0006126199714110436
2023-01-02,02:48:00,97.88,0.0
2023-01-02,02:49:00,97.88,0.0
2023-01-02,02:50:00,97.86,-0.0002043318348998735
2023-01-02,02:51:00,97.54,-0.0032699775189044544
2023-01-02,02:52:00,97.17,-0.0037933155628460113
2023-01-02,02:53:00,96.81,-0.003704847175054038
2023-01-02,02:54:00,96.56,-0.002582377853527551
2023-01-02,02:55:00,96.16,-0.0041425020712511085
2023-01-02,02:56:00,96.2,0.0004159733777038266
2023-01-02,02:57:00,96.84,0.006652806652806653
2023-01-02,02:58:00,96.73,-0.0011358942585708576
2023-01-02,02:59:00,96.03,-0.007236638064716194
2023-01-02,03:00:00,96.03,0.0
2023-01-02,03:01:00,95.71,-0.003332291992085845
2023-01-02,03:02:00,95.9,0.0019851635147842828
2023-01-02,03:03:00,95.91,0.00010427528675704956
2023-01-02,03:04:00,95.56,-0.003649254509435873
2023-01-02,03:05:00,95.74,0.0018836333193803512
2023-01-02,03:06:00,95.69,-0.000522247754334626
2023-01-02,03:07:00,95.65,-0.0004180165116520751
2023-01-02,03:08:00,95.52,-0.0013591217982228398
2023-01-02,03:09:00,96.2,0.0071189279731993516
2023-01-02,03:10:00,96.18,-0.00020790020790018016
2023-01-02,03:11:00,96.2,0.00020794343938446147
2023-01-02,03:12:00,96.22,0.00020790020790006913
2023-01-02,03:13:00,95.99,-0.0023903554354604006
2023-01-02,03:14:00,95.97,-0.00020835503698302116
2023-01-02,03:15:00,95.95,-0.00020839845785136646
2023-01-02,03:16:00,96.39,0.004585721730067771
2023-01-02,03:17:00,96.15,-0.0024898848428259734
2023-01-02,03:18:00,96.49,0.0035361414456576146
2023-01-02,03:19:00,96.35,-0.0014509275572598401
2023-01-02,03:20:00,96.08,-0.0028022833419822923
2023-01-02,03:21:00,96.22,0.001457119067443724
2023-01-02,03:22:00,96.23,0.00010392849719398356
2023-01-02,03:23:00,96.29,0.0006235061831030286
2023-01-02,03:24:00,96.41,0.0012462353307716167
2023-01-02,03:25:00,96.32,-0.0009335131210456149
2023-01-02,03:26:00,96.44,0.001245847176079673
2023-01-02,03:27:00,96.6,0.0016590626296142386
2023-01-02,03:28:00,96.8,0.0020703933747412417
2023-01-02,03:29:00,96.7,-0.0010330578512396382
2023-01-02,03:30:00,96.61,-0.0009307135470527639
2023-01-02,03:31:00,96.25,-0.003726322326881304
2023-01-02,03:32:00,95.93,-0.003324675324675286
2023-01-02,03:33:00,96.04,0.00114666944647146
2023-01-02,03:34:00,96.08,0.0004164931278634043
2023-01-02,03:35:00,95.96,-0.0012489592006661443
2023-01-02,03:36:00,95.88,-0.0008336807002917723
2023-01-02,03:37:00,95.87,-0.00010429703796399625
2023-01-02,03:38:00,96.24,0.0038593929279231443
2023-01-02,03:39:00,96.45,0.002182044887780732
2023-01-02,03:40:00,96.51,0.0006220839813375623
2023-01-02,03:41:00,96.29,-0.0022795565226401138
2023-01-02,03:42:00,96.23,-0.0006231176653858084
2023-01-02,03:43:00,96.62,0.004052790190169464
2023-01-02,03:44:00,97.06,0.004553922583315995
2023-01-02,03:45:00,97.33,0.0027817844632185285
2023-01-02,03:46:00,97.64,0.0031850405835816
2023-01-02,03:47:00,97.76,0.0012290045063498845
2023-01-02,03:48:00,97.4,-0.0036824877250408727
2023-01-02,03:49:00,97.54,0.0014373716632443134
2023-01-02,03:50:00,97.26,-0.002870617182694324
2023-01-02,03:51:00,96.98,-0.002878881348961526
2023-01-02,03:52:00,97.12,0.0014435966178594217
2023-01-02,03:53:00,97.3,0.0018533772652387093
2023-01-02,03:54:00,97.62,0.0032887975334019437
2023-01-02,03:55:00,97.71,0.0009219422249537867
2023-01-02,03:56:00,97.96,0.002558591751100181
2023-01-02,03:57:00,97.78,-0.0018374846876275663
2023-01-02,03:58:00,97.36,-0.004295356923706306
2023-01-02,03:59:00,97.47,0.0011298274445357137
2023-01-02,04:00:00,97.35,-0.001231148045552577
2023-01-02,04:01:00,96.84,-0.005238828967642384
2023-01-02,04:02:00,96.53,-0.0032011565468814673
2023-01-02,04:03:00,96.89,0.003729410545944223
2023-01-02,04:04:00,96.98,0.000928888430178576
2023-01-02,04:05:00,96.94,-0.00041245617653129507
2023-01-02,04:06:00,97.04,0.001031565917062105
2023-01-02,04:07:00,97.23,0.0019579554822752865
2023-01-02,04:08:00,96.98,-0.0025712228735986775
2023-01-02,04:09:00,96.83,-0.00154671066199219
2023-01-02,04:10:00,96.47,-0.0037178560363523294
2023-01-02,04:11:00,96.41,-0.0006219550119208606
2023-01-02,04:12:00,96.03,-0.003941499844414387
2023-01-02,04:13:00,96.13,0.0010413412475267503
2023-01-02,04:14:00,96.41,0.0029127223551441705
2023-01-02,04:15:00,96.36,-0.0005186184005808725
2023-01-02,04:16:00,96.14,-0.0022831050228310223
2023-01-02,04:17:00,96.08,-0.0006240898689411356
2023-01-02,04:18:00,96.18,0.0010407993338885646
2023-01-02,04:19:00,96.08,-0.0010397171969225294
2023-01-02,04:20:00,95.94,-0.001457119067443835
2023-01-02,04:21:00,95.87,-0.0007296226808420903
2023-01-02,04:22:00,96.04,0.0017732345885053125
2023-01-02,04:23:00,95.92,-0.001249479383590213
2023-01-02,04:24:00,95.71,-0.002189324437030904
2023-01-02,04:25:00,95.26,-0.004701703061330997
2023-01-02,04:26:00,95.72,0.004828889355448229
2023-01-02,04:27:00,95.94,0.002298370246552439
2023-01-02,04:28:00,96.49,0.005732749635188661
2023-01-02,04:29:00,96.71,0.0022800290185511773
2023-01-02,04:30:00,96.85,0.0014476269258607566
2023-01-02,04:31:00,96.75,-0.0010325245224573898
2023-01-02,04:32:00,96.91,0.0016537467700257213
2023-01-02,04:33:00,96.8,-0.0011350737797957144
2023-01-02,04:34:00,96.97,0.001756198347107496
2023-01-02,04:35:00,97.07,0.001031246777353667
2023-01-02,04:36:00,97.01,-0.0006181106418047255
2023-01-02,04:37:00,97.59,0.0059787650757654465
2023-01-02,04:38:00,97.4,-0.0019469207910646213
2023-01-02,04:39:00,97.62,0.0022587268993838894
2023-01-02,04:40:00,97.51,-0.0011268182749436528
2023-01-02,04:41:00,97.23,-0.002871500358937573
2023-01-02,04:42:00,97.09,-0.0014398848092153083
2023-01-02,04:43:00,96.94,-0.00154495828612633
2023-01-02,04:44:00,97.1,0.0016505054672992792
2023-01-02,04:45:00,97.31,0.00216271884655006
2023-01-02,04:46:00,97.48,0.0017469941424315127
2023-01-02,04:47:00,97.28,-0.002051702913418163
2023-01-02,04:48:00,97.16,-0.0012335526315789824
2023-01-02,04:49:00,96.67,-0.005043227665705974
2023-01-02,04:50:00,96.9,0.0023792283024723915
2023-01-02,04:51:00,97.1,0.0020639834881319707
2023-01-02,04:52:00,97.0,-0.001029866117404632
2023-01-02,04:53:00,97.01,0.0001030927835052875
2023-01-02,04:54:00,96.52,-0.005051025667457076
2023-01-02,04:55:00,96.18,-0.0035225859925402947
2023-01-02,04:56:00,96.29,0.0011436889166147601
2023-01-02,04:57:00,96.02,-0.002804029494236304
2023-01-02,04:58:00,95.86,-0.0016663195167673228
2023-01-02,04:59:00,95.93,0.0007302315877322219
2023-01-02,05:00:00,95.9,-0.00031272803085580225
2023-01-02,05:01:00,96.02,0.0012513034410843726
2023-01-02,05:02:00,96.23,0.002187044365757229
2023-01-02,05:03:00,96.52,0.003013613218330935
2023-01-02,05:04:00,96.59,0.0007252382925819756
2023-01-02,05:05:00,96.86,0.002795320426545178
2023-01-02,05:06:00,96.87,0.00010324179227749752
2023-01-02,05:07:00,96.66,-0.002167853824713628
2023-01-02,05:08:00,96.8,0.0014483757500516337
2023-01-02,05:09:00,97.01,0.0021694214876033513
2023-01-02,05:10:00,97.33,0.0032986290073186986
2023-01-02,05:11:00,96.83,-0.0051371622315832255
2023-01-02,05:12:00,96.65,-0.0018589280181761092
2023-01-02,05:13:00,96.36,-0.0030005173305742705
2023-01-02,05:14:00,96.56,0.0020755500207554345
2023-01-02,05:15:00,96.27,-0.003003314001657098
2023-01-02,05:16:00,95.87,-0.004154980783213746
2023-01-02,05:17:00,95.91,0.00041723166788343313
2023-01-02,05:18:00,96.38,0.004900427484099579
2023-01-02,05:19:00,96.64,0.002697655115169173
2023-01-02,05:20:00,96.19,-0.004656456953642363
2023-01-02,05:21:00,96.22,0.00031188273209270534
2023-01-02,05:22:00,96.37,0.0015589274579090873
2023-01-02,05:23:00,96.3,-0.0007263671266992677
2023-01-02,05:24:00,96.36,0.0006230529595014911
2023-01-02,05:25:00,96.82,0.0047737650477375215
2023-01-02,05:26:00,96.88,0.0006197066721751465
2023-01-02,05:27:00,96.65,-0.0023740710156894274
2023-01-02,05:28:00,96.8,0.0015519917227106994
2023-01-02,05:29:00,96.86,0.0006198347107437829
2023-01-02,05:30:00,96.82,-0.0004129671691101011
2023-01-02,05:31:00,96.52,-0.0030985333608758436
2023-01-02,05:32:00,96.32,-0.0020721094073767876
2023-01-02,05:33:00,96.68,0.003737541528239241
2023-01-02,05:34:00,96.56,-0.0012412081092263438
2023-01-02,05:35:00,96.62,0.0006213753106876219
2023-01-02,05:36:00,96.36,-0.0026909542537777442
2023-01-02,05:37:00,96.26,-0.0010377750103777172
2023-01-02,05:38:00,96.4,0.001454394348639143
2023-01-02,05:39:00,96.38,-0.00020746887966816008
2023-01-02,05:40:00,96.2,-0.0018676073874247523
2023-01-02,05:41:00,96.02,-0.0018711018711019545
2023-01-02,05:42:00,95.58,-0.00458237867111011
2023-01-02,05:43:00,95.49,-0.0009416195856873921
2023-01-02,05:44:00,95.43,-0.0006283380458685928
2023-01-02,05:45:00,95.24,-0.0019909881588600076
2023-01-02,05:46:00,94.94,-0.0031499370012599837
2023-01-02,05:47:00,95.34,0.00421318727617459
2023-01-02,05:48:00,95.44,0.0010488777008599293
2023-01-02,05:49:00,95.27,-0.0017812238055322505
2023-01-02,05:50:00,95.24,-0.0003148945103390588
2023-01-02,05:51:00,95.2,-0.0004199916001679238
2023-01-02,05:52:00,95.38,0.0018907563025210017
2023-01-02,05:53:00,95.44,0.0006290626965821389
2023-01-02,05:54:00,95.22,-0.0023051131601006247
2023-01-02,05:55:00,95.11,-0.0011552194917033853
2023-01-02,05:56:00,95.05,-0.0006308484912207479
2023-01-02,05:57:00,95.1,0.0005260389268806342
2023-01-02,05:58:00,95.41,0.003259726603575208
2023-01-02,05:59:00,95.32,-0.0009432973482863538
2023-01-02,06:00:00,95.2,-0.0012589173310951773
2023-01-02,06:01:00,95.47,0.0028361344537815025
2023-01-02,06:02:00,95.64,0.0017806640829580722
2023-01-02,06:03:00,95.51,-0.0013592639063153555
2023-01-02,06:04:00,95.18,-0.003455135587896563
2023-01-02,06:05:00,95.04,-0.001470897247320857
2023-01-02,06:06:00,95.08,0.00042087542087543284
2023-01-02,06:07:00,95.55,0.0049432057214977565
2023-01-02,06:08:00,95.38,-0.0017791732077446776
2023-01-02,06:09:00,95.18,-0.0020968756552735
2023-01-02,06:10:00,95.3,0.0012607690691319728
2023-01-02,06:11:00,95.38,0.0008394543546694777
2023-01-02,06:12:00,95.22,-0.001677500524218889
2023-01-02,06:13:00,95.09,-0.0013652593992857787
2023-01-02,06:14:00,95.11,0.00021032705857604306
2023-01-02,06:15:00,95.47,0.0037850909473240435
2023-01-02,06:16:00,95.08,-0.004085052896197761
2023-01-02,06:17:00,95.01,-0.0007362221287335879
2023-01-02,06:18:00,95.03,0.00021050415745715867
2023-01-02,06:19:00,95.27,0.002525518257392445
2023-01-02,06:20:00,95.24,-0.0003148945103390588
2023-01-02,06:21:00,95.53,0.003044939101217947
2023-01-02,06:22:00,95.53,0.0
2023-01-02,06:23:00,95.94,0.0042918454935620964
2023-01-02,06:24:00,95.61,-0.0034396497811132187
2023-01-02,06:25:00,95.55,-0.0006275494195168152
2023-01-02,06:26:00,95.41,-0.00146520146520146
2023-01-02,06:27:00,95.44,0.0003144324494288586
2023-01-02,06:28:00,95.32,-0.0012573344509639872
2023-01-02,06:29:00,95.55,0.00241292488459921
2023-01-02,06:30:00,95.59,0.00041862899005762344
2023-01-02,06:31:00,95.37,-0.0023014959723820505
2023-01-02,06:32:00,95.36,-0.0001048547761350882
2023-01-02,06:33:00,95.57,0.0022021812080537106
2023-01-02,06:34:00,95.72,0.00156953018729733
2023-01-02,06:35:00,95.88,0.0016715419974926427
2023-01-02,06:36:00,95.96,0.0008343763037128582
2023-01-02,06:37:00,95.79,-0.0017715714881199052
2023-01-02,06:38:00,95.62,-0.0017747155235411372
2023-01-02,06:39:00,95.35,-0.0028236770550095214
2023-01-02,06:40:00,95.12,-0.002412165705296121
2023-01-02,06:41:00,95.04,-0.000841042893187538
2023-01-02,06:42:00,95.29,0.0026304713804714552
2023-01-02,06:43:00,94.89,-0.004197712246825525
2023-01-02,06:44:00,94.56,-0.0034777110338286565
2023-01-02,06:45:00,94.6,0.0004230118443315778
2023-01-02,06:46:00,94.86,0.002748414376321451
2023-01-02,06:47:00,94.8,-0.0006325110689436864
2023-01-02,06:48:00,94.5,-0.0031645569620253333
2023-01-02,06:49:00,93.81,-0.0073015873015872534
2023-01-02,06:50:00,93.94,0.001385779767615336
2023-01-02,06:51:00,93.93,-0.00010645092612293627
2023-01-02,06:52:00,94.02,0.0009581603321622278
2023-01-02,06:53:00,93.92,-0.0010636034886193357
2023-01-02,06:54:00,93.94,0.0002129471890970347
2023-01-02,06:55:00,94.19,0.0026612731530764044
2023-01-02,06:56:00,94.29,0.0010616838305552712
2023-01-02,06:57:00,94.39,0.0010605578534308435
2023-01-02,06:58:00,94.33,-0.0006356605572624963
2023-01-02,06:59:00,94.41,0.0008480865048234865
2023-01-02,07:00:00,94.64,0.002436182607774562
2023-01-02,07:01:00,94.54,-0.0010566356720201897
2023-01-02,07:02:00,94.08,-0.004865665326845847
2023-01-02,07:03:00,94.16,0.0008503401360544505
2023-01-02,07:04:00,94.2,0.0004248088360239155
2023-01-02,07:05:00,93.84,-0.003821656050955413
2023-01-02,07:06:00,94.11,0.002877237851662384
2023-01-02,07:07:00,94.07,-0.0004250345340559569
2023-01-02,07:08:00,93.53,-0.005740406080578242
2023-01-02,07:09:00,93.21,-0.0034213621297980445
2023-01-02,07:10:00,93.13,-0.0008582770089046177
2023-01-02,07:11:00,93.32,0.0020401589176419765
2023-01-02,07:12:00,93.25,-0.0007501071581653695
2023-01-02,07:13:00,93.23,-0.0002144772117962379
2023-01-02,07:14:00,93.35,0.001287139332832643
2023-01-02,07:15:00,93.5,0.0016068559185860032
2023-01-02,07:16:00,93.67,0.001818181818181941
2023-01-02,07:17:00,93.31,-0.0038432795985907653
2023-01-02,07:18:00,93.66,0.0037509377344335793
2023-01-02,07:19:00,93.3,-0.0038436899423446302
2023-01-02,07:20:00,93.41,0.0011789924973204524
2023-01-02,07:21:00,93.35,-0.0006423295150412844
2023-01-02,07:22:00,93.4,0.0005356186395286677
2023-01-02,07:23:00,92.77,-0.006745182012848017
2023-01-02,07:24:00,92.6,-0.0018324889511696085
2023-01-02,07:25:00,92.4,-0.002159827213822796
2023-01-02,07:26:00,91.93,-0.005086580086580028
2023-01-02,07:27:00,91.89,-0.0004351136734472849
2023-01-02,07:28:00,91.88,-0.00010882576994242221
2023-01-02,07:29:00,91.66,-0.002394427514148867
2023-01-02,07:30:00,91.63,-0.0003272965306567732
2023-01-02,07:31:00,91.54,-0.0009822110662445205
2023-01-02,07:32:00,90.98,-0.006117544242953965
2023-01-02,07:33:00,90.63,-0.0038469993405144676
2023-01-02,07:34:00,90.67,0.00044135495972641436
2023-01-02,07:35:00,90.52,-0.001654350942980054
2023-01-02,07:36:00,90.74,0.0024304021210781457
2023-01-02,07:37:00,90.98,0.0026449195503637224
2023-01-02,07:38:00,90.89,-0.0009892284018465647
2023-01-02,07:39:00,90.82,-0.0007701617339641587
2023-01-02,07:40:00,90.74,-0.0008808632459810228
2023-01-02,07:41:00,90.84,0.0011020498126517175
2023-01-02,07:42:00,90.58,-0.002862175253192434
2023-01-02,07:43:00,90.52,-0.0006623978803268482
2023-01-02,07:44:00,90.3,-0.0024304021210782567
2023-01-02,07:45:00,90.47,0.0018826135105205477
2023-01-02,07:46:00,90.57,0.001105338786338006
2023-01-02,07:47:00,90.17,-0.004416473445953306
2023-01-02,07:48:00,89.83,-0.0037706554286348615
2023-01-02,07:49:00,89.69,-0.0015584993877323372
2023-01-02,07:50:00,89.7,0.00011149514996100507
2023-01-02,07:51:00,89.77,0.0007803790412486133
2023-01-02,07:52:00,89.88,0.001225353681630903
2023-01-02,07:53:00,89.66,-0.002447708055184683
2023-01-02,07:54:00,89.82,0.001784519295114917
2023-01-02,07:55:00,89.93,0.0012246715653529971
2023-01-02,07:56:00,89.97,0.0004447903925275387
2023-01-02,07:57:00,89.91,-0.0006668889629877217
2023-01-02,07:58:00,90.04,0.0014458903347793761
2023-01-02,07:59:00,89.88,-0.0017769880053311038
2023-01-03,00:00:00,89.63,-0.0027814864263462358
2023-01-03,00:01:00,89.75,0.0013388374428204841
2023-01-03,00:02:00,89.37,-0.00423398328690805
2023-01-03,00:03:00,89.61,0.0026854649211143222
2023-01-03,00:04:00,89.86,0.0027898672023212168
2023-01-03,00:05:00,90.3,0.004896505675495266
2023-01-03,00:06:00,90.42,0.0013289036544850141
2023-01-03,00:07:00,90.51,0.0009953550099535136
2023-01-03,00:08:00,90.5,-0.00011048502927857307
2023-01-03,00:09:00,90.53,0.00033149171270729916
2023-01-03,00:10:00,90.4,-0.0014359880702529138
2023-01-03,00:11:00,90.65,0.0027654867256636795
2023-01-03,00:12:00,91.05,0.004412575841147071
2023-01-03,00:13:00,90.93,-0.0013179571663919365
2023-01-03,00:14:00,91.01,0.000879797646541336
2023-01-03,00:15:00,90.89,-0.0013185364245688058
2023-01-03,00:16:00,90.55,-0.003740785564968707
2023-01-03,00:17:00,90.32,-0.0025400331308669255
2023-01-03,00:18:00,89.94,-0.004207263064658906
2023-01-03,00:19:00,90.11,0.0018901489882143796
2023-01-03,00:20:00,89.9,-0.002330484962823176
2023-01-03,00:21:00,89.9,0.0
2023-01-03,00:22:00,90.0,0.0011123470522802492
2023-01-03,00:23:00,90.01,0.00011111111111117289
2023-01-03,00:24:00,89.88,-0.0014442839684480901
2023-01-03,00:25:00,89.76,-0.0013351134846461
2023-01-03,00:26:00,89.87,0.001225490196078427
2023-01-03,00:27:00,90.16,0.0032268832758428623
2023-01-03,00:28:00,90.32,0.0017746228926351915
2023-01-03,00:29:00,90.15,-0.0018821966341894258
2023-01-03,00:30:00,89.92,-0.0025513033832501586
2023-01-03,00:31:00,90.17,0.0027802491103203764
2023-01-03,00:32:00,89.85,-0.003548852168126948
2023-01-03,00:33:00,89.79,-0.0006677796327210217
2023-01-03,00:34:00,89.68,-0.0012250807439581068
2023-01-03,00:35:00,89.88,0.00223015165031204
2023-01-03,00:36:00,90.04,0.0017801513128616886
2023-01-03,00:37:00,89.53,-0.005664149266992546
2023-01-03,00:38:00,89.7,0.0018988048698760362
2023-01-03,00:39:00,89.97,0.003010033444815985
2023-01-03,00:40:00,90.26,0.003223296654440544
2023-01-03,00:41:00,90.57,0.0034345224905827365
2023-01-03,00:42:00,90.24,-0.0036435905929115275
2023-01-03,00:43:00,90.43,0.0021054964539009013
2023-01-03,00:44:00,90.43,0.0
2023-01-03,00:45:00,91.15,0.007961959526705753
2023-01-03,00:46:00,90.86,-0.0031815688425672617
2023-01-03,00:47:00,90.86,0.0
2023-01-03,00:48:00,90.95,0.0009905348888399335
2023-01-03,00:49:00,91.11,0.001759208356239661
2023-01-03,00:50:00,91.12,0.00010975743606644883
2023-01-03,00:51:00,91.0,-0.0013169446883231073
2023-01-03,00:52:00,90.81,-0.002087912087912036
2023-01-03,00:53:00,90.44,-0.004074441140843543
2023-01-03,00:54:00,90.68,0.0026536930561700256
2023-01-03,00:55:00,90.55,-0.0014336127040142088
2023-01-03,00:56:00,90.76,0.002319160684704613
2023-01-03,00:57:00,90.85,0.0009916262670779386
2023-01-03,00:58:00,91.11,0.0028618602091359246
2023-01-03,00:59:00,91.17,0.0006585446163978048
2023-01-03,01:00:00,91.09,-0.0008774816277283826
2023-01-03,01:01:00,91.1,0.00010978153474572316
2023-01-03,01:02:00,91.02,-0.0008781558726673744
2023-01-03,01:03:00,91.25,0.002526917161063569
2023-01-03,01:04:00,91.48,0.002520547945205509
2023-01-03,01:05:00,91.5,0.00021862702229991093
2023-01-03,01:06:00,91.61,0.0012021857923496526
2023-01-03,01:07:00,91.0,-0.006658661718152992
2023-01-03,01:08:00,91.16,0.0017582417582417964
2023-01-03,01:09:00,91.39,0.002523036419482372
2023-01-03,01:10:00,91.39,0.0
2023-01-03,01:11:00,91.49,0.0010942116205272523
2023-01-03,01:12:00,90.77,-0.007869712536889284
2023-01-03,01:13:00,90.59,-0.0019830340420843307
2023-01-03,01:14:00,90.45,-0.0015454244397836714
2023-01-03,01:15:00,90.63,0.0019900497512437276
2023-01-03,01:16:00,90.53,-0.0011033873993158139
2023-01-03,01:17:00,90.78,0.0027615155197171504
2023-01-03,01:18:00,90.73,-0.0005507821105970034
2023-01-03,01:19:00,91.32,0.006502810536757275
2023-01-03,01:20:00,91.4,0.0008760402978538195
2023-01-03,01:21:00,91.81,0.004485776805251529
2023-01-03,01:22:00,91.94,0.001415967759503367
2023-01-03,01:23:00,91.71,-0.002501631498803558
2023-01-03,01:24:00,92.15,0.0047977319812453345
2023-01-03,01:25:00,92.28,0.0014107433532284386
2023-01-03,01:26:00,92.63,0.0037928045080191097
2023-01-03,01:27:00,92.44,-0.002051171326784007
2023-01-03,01:28:00,91.75,-0.007464301168325416
2023-01-03,01:29:00,91.74,-0.00010899182561308063
2023-01-03,01:30:00,91.49,-0.0027250926531502406
2023-01-03,01:31:00,91.61,0.0013116187561481585
2023-01-03,01:32:00,91.94,0.0036022268311319827
2023-01-03,01:33:00,92.56,0.006743528388079234
2023-01-03,01:34:00,92.54,-0.00021607605877260738
2023-01-03,01:35:00,92.47,-0.0007564296520424785
2023-01-03,01:36:00,91.97,-0.005407159078620105
2023-01-03,01:37:00,91.83,-0.001522235511579817
2023-01-03,01:38:00,91.75,-0.0008711749972775129
2023-01-03,01:39:00,92.0,0.0027247956403269047
2023-01-03,01:40:00,91.88,-0.0013043478260870156
2023-01-03,01:41:00,92.0,0.0013060513713540889
2023-01-03,01:42:00,91.45,-0.005978260869565211
2023-01-03,01:43:00,91.45,0.0
2023-01-03,01:44:00,91.59,0.0015308911973757056
2023-01-03,01:45:00,91.18,-0.00447647123048367
2023-01-03,01:46:00,91.2,0.00021934634788323137
2023-01-03,01:47:00,91.36,0.0017543859649122862
2023-01-03,01:48:00,91.05,-0.00339316987740812
2023-01-03,01:49:00,91.37,0.0035145524437123488
2023-01-03,01:50:00,91.28,-0.0009850060194812604
2023-01-03,01:51:00,91.26,-0.0002191060473268891
2023-01-03,01:52:00,91.16,-0.0010957703265396246
2023-01-03,01:53:00,91.02,-0.0015357612988152747
2023-01-03,01:54:00,91.11,0.0009887936717205559
2023-01-03,01:55:00,90.67,-0.004829327186916865
2023-01-03,01:56:00,90.48,-0.0020955111944414018
2023-01-03,01:57:00,90.57,0.0009946949602119837
2023-01-03,01:58:00,90.5,-0.0007728828530417786
2023-01-03,01:59:00,90.53,0.00033149171270729916
2023-01-03,02:00:00,90.28,-0.0027615155197172614
2023-01-03,02:01:00,89.9,-0.004209127159946813
2023-01-03,02:02:00,90.02,0.0013348164627362546
2023-01-03,02:03:00,90.12,0.0011108642523884882
2023-01-03,02:04:00,89.85,-0.0029960053262317876
2023-01-03,02:05:00,89.79,-0.0006677796327210217
2023-01-03,02:06:00,89.94,0.0016705646508519134
2023-01-03,02:07:00,90.0,0.0006671114076051143
2023-01-03,02:08:00,89.89,-0.0012222222222222356
2023-01-03,02:09:00,89.78,-0.0012237178774057167
2023-01-03,02:10:00,89.49,-0.003230118066384513
2023-01-03,02:11:00,89.6,0.0012291876187282558
2023-01-03,02:12:00,89.74,0.0015624999999999112
2023-01-03,02:13:00,90.11,0.004123022063739823
2023-01-03,02:14:00,90.47,0.003995117079125476
2023-01-03,02:15:00,90.52,0.000552669393169003
2023-01-03,02:16:00,90.44,-0.0008837825894829621
2023-01-03,02:17:00,89.94,-0.005528527200353794
2023-01-03,02:18:00,89.85,-0.0010006671114076715
2023-01-03,02:19:00,89.72,-0.00144685587089588
2023-01-03,02:20:00,89.71,-0.00011145786892563514
2023-01-03,02:21:00,89.74,0.0003344108795007017
2023-01-03,02:22:00,89.49,-0.0027858257187430846
2023-01-03,02:23:00,89.85,0.004022795843110938
2023-01-03,02:24:00,89.6,-0.0027824151363383676
2023-01-03,02:25:00,89.46,-0.0015625000000000222
2023-01-03,02:26:00,89.1,-0.004024144869215318
2023-01-03,02:27:00,89.41,0.00347923681257023
2023-01-03,02:28:00,89.73,0.003579018006934387
2023-01-03,02:29:00,89.93,0.0022289089490694636
2023-01-03,02:30:00,89.6,-0.003669520738352139
2023-01-03,02:31:00,89.82,0.002455357142857162
2023-01-03,02:32:00,89.85,0.00033400133600536286
2023-01-03,02:33:00,89.91,0.0006677796327212437
2023-01-03,02:34:00,90.18,0.0030030030030030463
2023-01-03,02:35:00,89.93,-0.002772233311155503
2023-01-03,02:36:00,90.1,0.001890359168241762
2023-01-03,02:37:00,90.33,0.002552719200887843
2023-01-03,02:38:00,90.42,0.0009963467286615568
2023-01-03,02:39:00,89.98,-0.0048661800486617945
2023-01-03,02:40:00,89.54,-0.004889975550122272
2023-01-03,02:41:00,89.54,0.0
2023-01-03,02:42:00,89.48,-0.000670091579182519
2023-01-03,02:43:00,89.8,0.0035762181493070866
2023-01-03,02:44:00,89.51,-0.0032293986636969807
2023-01-03,02:45:00,89.45,-0.0006703161657916068
2023-01-03,02:46:00,89.28,-0.001900503074343196
2023-01-03,02:47:00,89.13,-0.0016801075268817467
2023-01-03,02:48:00,89.04,-0.0010097610232243648
2023-01-03,02:49:00,88.92,-0.0013477088948787852
2023-01-03,02:50:00,88.78,-0.0015744489428699548
2023-01-03,02:51:00,88.71,-0.0007884658706917014
2023-01-03,02:52:00,88.66,-0.0005636343140570377
2023-01-03,02:53:00,88.44,-0.002481389578163795
2023-01-03,02:54:00,88.18,-0.002939846223428244
2023-01-03,02:55:00,88.6,0.004762984803810211
2023-01-03,02:56:00,88.79,0.0021444695259595914
2023-01-03,02:57:00,89.12,0.003716634756166126
2023-01-03,02:58:00,89.11,-0.00011220825852786831
2023-01-03,02:59:00,88.7,-0.004601054875995936
2023-01-03,03:00:00,88.52,-0.0020293122886133608
2023-01-03,03:01:00,88.57,0.0005648441030274842
2023-01-03,03:02:00,88.36,-0.0023710059839674447
2023-01-03,03:03:00,88.47,0.0012449071978271053
2023-01-03,03:04:00,88.13,-0.0038431106589804642
2023-01-03,03:05:00,87.92,-0.002382843526608336
2023-01-03,03:06:00,87.79,-0.0014786169244767056
2023-01-03,03:07:00,87.87,0.0009112655199907671
2023-01-03,03:08:00,88.04,0.001934676226243326
2023-01-03,03:09:00,87.86,-0.0020445252158111105
2023-01-03,03:10:00,88.17,0.00352834054177098
2023-01-03,03:11:00,87.3,-0.009867301803334505
2023-01-03,03:12:00,87.37,0.0008018327605956443
2023-01-03,03:13:00,87.39,0.0002289115256952634
2023-01-03,03:14:00,87.73,0.003890605332417918
2023-01-03,03:15:00,87.62,-0.0012538470306622251
2023-01-03,03:16:00,87.46,-0.0018260671079662893
2023-01-03,03:17:00,87.18,-0.0032014635261832236
2023-01-03,03:18:00,87.11,-0.000802936453315084
2023-01-03,03:19:00,87.06,-0.000573986913098401
2023-01-03,03:20:00,87.12,0.000689179875947632
2023-01-03,03:21:00,87.4,0.003213957759412356
2023-01-03,03:22:00,87.44,0.00045766590388995887
2023-01-03,03:23:00,87.15,-0.0033165599268069057
2023-01-03,03:24:00,87.18,0.000344234079173944
2023-01-03,03:25:00,86.99,-0.0021793989447121964
2023-01-03,03:26:00,87.16,0.0019542476146683363
2023-01-03,03:27:00,87.71,0.006310234052317565
2023-01-03,03:28:00,87.64,-0.0007980845969671746
2023-01-03,03:29:00,87.67,0.0003423094477408295
2023-01-03,03:30:00,87.31,-0.004106307744952686
2023-01-03,03:31:00,87.44,0.0014889474287023141
2023-01-03,03:32:00,87.64,0.0022872827081428238
2023-01-03,03:33:00,87.89,0.002852578731173061
2023-01-03,03:34:00,87.73,-0.0018204573899192056
2023-01-03,03:35:00,87.43,-0.0034195828108970483
2023-01-03,03:36:00,87.52,0.001029394944527029
2023-01-03,03:37:00,87.63,0.0012568555758682987
2023-01-03,03:38:00,87.49,-0.001597626383658568
2023-01-03,03:39:00,87.93,0.005029146188135991
2023-01-03,03:40:00,87.65,-0.0031843511884454
2023-01-03,03:41:00,87.7,0.0005704506560182399
2023-01-03,03:42:00,88.02,0.0036488027366019526
2023-01-03,03:43:00,88.06,0.0004544421722336711
2023-01-03,03:44:00,88.19,0.0014762661821485779
2023-01-03,03:45:00,88.29,0.0011339154099105908
2023-01-03,03:46:00,88.47,0.0020387359836899765
2023-01-03,03:47:00,88.54,0.0007912286650841871
2023-01-03,03:48:00,88.52,-0.00022588660492439683
2023-01-03,03:49:00,89.08,0.006326253953908845
2023-01-03,03:50:00,89.03,-0.0005612932195778741
2023-01-03,03:51:00,88.92,-0.0012355385825002507
2023-01-03,03:52:00,88.57,-0.003936122357175109
2023-01-03,03:53:00,88.26,-0.0035000564525232702
2023-01-03,03:54:00,88.48,0.00249263539542266
2023-01-03,03:55:00,88.16,-0.003616636528029016
2023-01-03,03:56:00,88.38,0.0024954627949183017
2023-01-03,03:57:00,88.8,0.004752206381534396
2023-01-03,03:58:00,89.01,0.0023648648648648685
2023-01-03,03:59:00,89.42,0.004606224019773064
2023-01-03,04:00:00,89.56,0.0015656452695147483
2023-01-03,04:01:00,89.56,0.0
2023-01-03,04:02:00,89.42,-0.0015631978561857496
2023-01-03,04:03:00,89.48,0.0006709908297919398
2023-01-03,04:04:00,89.73,0.0027939204291462794
2023-01-03,04:05:00,89.7,-0.00033433634236046395
2023-01-03,04:06:00,89.46,-0.0026755852842810235
2023-01-03,04:07:00,89.52,0.0006706908115359234
2023-01-03,04:08:00,89.31,-0.0023458445040214215
2023-01-03,04:09:00,89.63,0.0035830254170865494
2023-01-03,04:10:00,89.95,0.0035702331808546983
2023-01-03,04:11:00,90.54,0.006559199555308481
2023-01-03,04:12:00,90.04,-0.005522421029379276
2023-01-03,04:13:00,90.31,0.0029986672589958907
2023-01-03,04:14:00,90.34,0.0003321891263425858
2023-01-03,04:15:00,90.84,0.005534646889528538
2023-01-03,04:16:00,90.82,-0.0002201673271687854
2023-01-03,04:17:00,90.91,0.0009909711517286368
2023-01-03,04:18:00,90.71,-0.002199978000219982
2023-01-03,04:19:00,91.02,0.0034174842905965175
2023-01-03,04:20:00,91.1,0.0008789277081959757
2023-01-03,04:21:00,91.26,0.0017563117453349708
2023-01-03,04:22:00,91.39,0.0014245014245013454
2023-01-03,04:23:00,91.12,-0.002954371375423981
2023-01-03,04:24:00,91.48,0.003950834064969211
2023-01-03,04:25:00,91.12,-0.003935286401399174
2023-01-03,04:26:00,91.27,0.0016461808604038008
2023-01-03,04:27:00,91.09,-0.0019721704831816567
2023-01-03,04:28:00,90.98,-0.001207596882204398
2023-01-03,04:29:00,90.88,-0.0010991426687184669
2023-01-03,04:30:00,90.71,-0.0018705985915493661
2023-01-03,04:31:00,90.55,-0.0017638628596625683
2023-01-03,04:32:00,91.0,0.004969630038652806
2023-01-03,04:33:00,90.93,-0.0007692307692307443
2023-01-03,04:34:00,91.06,0.0014296711756296432
2023-01-03,04:35:00,91.07,0.00010981770261353496
2023-01-03,04:36:00,91.6,0.005819699132535439
2023-01-03,04:37:00,91.75,0.0016375545851528006
2023-01-03,04:38:00,92.11,0.003923705722070903
2023-01-03,04:39:00,92.57,0.004994028878514856
2023-01-03,04:40:00,92.79,0.002376579885492225
2023-01-03,04:41:00,92.94,0.0016165535079211146
2023-01-03,04:42:00,93.1,0.0017215407789972215
2023-01-03,04:43:00,92.98,-0.0012889366272823555
2023-01-03,04:44:00,92.69,-0.00311895031189513
2023-01-03,04:45:00,92.63,-0.0006473190203906132
2023-01-03,04:46:00,92.64,0.0001079563856203336
2023-01-03,04:47:00,92.16,-0.005181347150259086
2023-01-03,04:48:00,92.06,-0.0010850694444444198
2023-01-03,04:49:00,91.91,-0.0016293721485988177
2023-01-03,04:50:00,91.93,0.00021760417800043008
2023-01-03,04:51:00,92.1,0.0018492331121504613
2023-01-03,04:52:00,92.12,0.00021715526601528978
2023-01-03,04:53:00,91.89,-0.002496743378202382
2023-01-03,04:54:00,92.04,0.001632386549135001
2023-01-03,04:55:00,91.74,-0.0032594524119948787
2023-01-03,04:56:00,91.61,-0.0014170481796380585
2023-01-03,04:57:00,91.35,-0.0028381181093767305
2023-01-03,04:58:00,91.07,-0.0030651340996168397
2023-01-03,04:59:00,90.88,-0.0020863072361919643
2023-01-03,05:00:00,90.78,-0.0011003521126760063
2023-01-03,05:01:00,91.0,0.0024234412866270816
2023-01-03,05:02:00,91.13,0.0014285714285713347
2023-01-03,05:03:00,90.82,-0.003401733786897898
2023-01-03,05:04:00,90.93,0.0012111869632240868
2023-01-03,05:05:00,90.99,0.0006598482349058354
2023-01-03,05:06:00,91.36,0.004066380920980439
2023-01-03,05:07:00,91.05,-0.00339316987740812
2023-01-03,05:08:00,90.85,-0.0021965952773201902
2023-01-03,05:09:00,91.48,0.006934507429829484
2023-01-03,05:10:00,91.64,0.0017490161783995095
2023-01-03,05:11:00,91.62,-0.0002182453077258506
2023-01-03,05:12:00,91.71,0.0009823182711197198
2023-01-03,05:13:00,91.79,0.0008723149056810708
2023-01-03,05:14:00,92.0,0.0022878309184006795
2023-01-03,05:15:00,91.76,-0.002608695652173809
2023-01-03,05:16:00,91.47,-0.0031604184829991944
2023-01-03,05:17:00,91.22,-0.0027331365475019576
2023-01-03,05:18:00,91.34,0.001315500986625695
2023-01-03,05:19:00,91.02,-0.0035033939128531477
2023-01-03,05:20:00,91.1,0.0008789277081959757
2023-01-03,05:21:00,91.33,0.002524698133918868
2023-01-03,05:22:00,91.46,0.0014234096134895236
2023-01-03,05:23:00,91.19,-0.0029521102121145004
2023-01-03,05:24:00,91.62,0.004715429323390863
2023-01-03,05:25:00,91.85,0.002510368915083827
2023-01-03,05:26:00,91.93,0.0008709853021231506
2023-01-03,05:27:00,92.03,0.0010877841836178792
2023-01-03,05:28:00,92.01,-0.00021732043898725628
2023-01-03,05:29:00,91.99,-0.00021736767742652763
2023-01-03,05:30:00,92.26,0.002935101641482918
2023-01-03,05:31:00,91.95,-0.0033600693691741013
2023-01-03,05:32:00,91.97,0.0002175095160412699
2023-01-03,05:33:00,91.88,-0.0009785799717298982
2023-01-03,05:34:00,92.44,0.006094906399651823
2023-01-03,05:35:00,92.27,-0.0018390307226309188
2023-01-03,05:36:00,92.44,0.0018424189877532804
2023-01-03,05:37:00,92.38,-0.0006490696668108864
2023-01-03,05:38:00,92.6,0.0023814678501841158
2023-01-03,05:39:00,92.39,-0.002267818574513969
2023-01-03,05:40:00,92.83,0.0047624201753435624
2023-01-03,05:41:00,92.53,-0.003231713885597287
2023-01-03,05:42:00,92.39,-0.0015130228034151427
2023-01-03,05:43:00,92.44,0.0005411841108344806
2023-01-03,05:44:00,92.75,0.0033535266118562834
2023-01-03,05:45:00,92.58,-0.0018328840970350813
2023-01-03,05:46:00,92.92,0.003672499459926648
2023-01-03,05:47:00,93.23,0.0033362031855359575
2023-01-03,05:48:00,93.38,0.0016089241660408593
2023-01-03,05:49:00,93.01,-0.003962304562004637
2023-01-03,05:50:00,93.45,0.004730674121062206
2023-01-03,05:51:00,93.05,-0.004280363830925671
2023-01-03,05:52:00,92.74,-0.003331542181622793
2023-01-03,05:53:00,92.62,-0.0012939400474443197
2023-01-03,05:54:00,93.18,0.006046210321744683
2023-01-03,05:55:00,92.94,-0.0025756600128783447
2023-01-03,05:56:00,92.77,-0.0018291370776845062
2023-01-03,05:57:00,92.99,0.0023714562897487745
2023-01-03,05:58:00,93.3,0.0033336917948165734
2023-01-03,05:59:00,93.1,-0.002143622722400873
2023-01-03,06:00:00,93.13,0.00032223415682053336
2023-01-03,06:01:00,92.86,-0.0028991731987544345
2023-01-03,06:02:00,92.15,-0.007645918587120382
2023-01-03,06:03:00,92.06,-0.0009766684753120813
2023-01-03,06:04:00,92.25,0.002063871388225058
2023-01-03,06:05:00,92.95,0.007588075880758938
2023-01-03,06:06:00,93.25,0.0032275416890801267
2023-01-03,06:07:00,92.92,-0.0035388739946380365
2023-01-03,06:08:00,93.29,0.003981919931123512
2023-01-03,06:09:00,93.63,0.0036445492550112313
2023-01-03,06:10:00,93.36,-0.002883691124639487
2023-01-03,06:11:00,93.21,-0.0016066838046273624
2023-01-03,06:12:00,93.14,-0.0007509923827915266
2023-01-03,06:13:00,92.99,-0.0016104788490445276
2023-01-03,06:14:00,93.05,0.0006452306699644694
2023-01-03,06:15:00,93.1,0.0005373455131649774
2023-01-03,06:16:00,93.15,0.0005370569280345183
2023-01-03,06:17:00,93.2,0.0005367686527106841
2023-01-03,06:18:00,93.05,-0.0016094420600859527
2023-01-03,06:19:00,93.05,0.0
2023-01-03,06:20:00,92.41,-0.006878022568511555
2023-01-03,06:21:00,92.21,-0.0021642679363705897
2023-01-03,06:22:00,92.5,0.0031449951198352366
2023-01-03,06:23:00,92.99,0.005297297297297332
2023-01-03,06:24:00,93.54,0.005914614474674895
2023-01-03,06:25:00,93.5,-0.0004276245456490413
2023-01-03,06:26:00,93.21,-0.003101604278074932
2023-01-03,06:27:00,92.73,-0.005149662053427595
2023-01-03,06:28:00,92.76,0.0003235198964737229
2023-01-03,06:29:00,93.16,0.004312203536006809
2023-01-03,06:30:00,92.98,-0.0019321597252038858
2023-01-03,06:31:00,93.22,0.002581200258120031
2023-01-03,06:32:00,93.08,-0.0015018236429951148
2023-01-03,06:33:00,93.27,0.0020412548345509762
2023-01-03,06:34:00,93.01,-0.0027876058754153776
2023-01-03,06:35:00,93.56,0.005913342651327813
2023-01-03,06:36:00,93.36,-0.0021376656690893503
2023-01-03,06:37:00,93.45,0.000964010282776373
2023-01-03,06:38:00,93.89,0.0047084002140180825
2023-01-03,06:39:00,94.1,0.0022366599211842697
2023-01-03,06:40:00,93.98,-0.0012752391073325153
2023-01-03,06:41:00,93.85,-0.0013832730368164015
2023-01-03,06:42:00,93.82,-0.0003196590303675695
2023-01-03,06:43:00,94.0,0.0019185674696227117
2023-01-03,06:44:00,93.96,-0.00042553191489369535
2023-01-03,06:45:00,93.53,-0.004576415495955666
2023-01-03,06:46:00,93.84,0.003314444563241814
2023-01-03,06:47:00,93.77,-0.0007459505541347333
2023-01-03,06:48:00,93.77,0.0
2023-01-03,06:49:00,94.17,0.004265756638583751
2023-01-03,06:50:00,94.14,-0.0003185727938833649
2023-01-03,06:51:00,94.08,-0.0006373486297004405
2023-01-03,06:52:00,93.66,-0.004464285714285698
2023-01-03,06:53:00,93.48,-0.001921844971172204
2023-01-03,06:54:00,93.05,-0.0045999144201969155
2023-01-03,06:55:00,93.05,0.0
2023-01-03,06:56:00,92.94,-0.0011821601289628836
2023-01-03,06:57:00,92.86,-0.0008607703894986107
2023-01-03,06:58:00,93.14,0.0030152918371741944
2023-01-03,06:59:00,93.08,-0.0006441915396178111
2023-01-03,07:00:00,92.94,-0.001504082509669158
2023-01-03,07:01:00,92.92,-0.00021519259737456942
2023-01-03,07:02:00,93.07,0.0016142918639689974
2023-01-03,07:03:00,92.81,-0.0027935962179004292
2023-01-03,07:04:00,92.55,-0.0028014222605323713
2023-01-03,07:05:00,92.63,0.0008643976229065764
2023-01-03,07:06:00,92.83,0.0021591277124042296
2023-01-03,07:07:00,92.65,-0.0019390283313582835
2023-01-03,07:08:00,92.99,0.003669724770642091
2023-01-03,07:09:00,92.74,-0.002688461124852104
2023-01-03,07:10:00,93.24,0.00539141686435185
2023-01-03,07:11:00,93.15,-0.0009652509652507968
2023-01-03,07:12:00,93.24,0.0009661835748790981
2023-01-03,07:13:00,93.26,0.00021450021450042378
2023-01-03,07:14:00,93.29,0.0003216813210380476
2023-01-03,07:15:00,93.35,0.000643155750884139
2023-01-03,07:16:00,93.52,0.001821103374397337
2023-01-03,07:17:00,93.69,0.0018177929854577002
2023-01-03,07:18:00,93.94,0.0026683744262994136
2023-01-03,07:19:00,93.57,-0.003938684266553194
2023-01-03,07:20:00,93.51,-0.0006412311638344104
2023-01-03,07:21:00,93.3,-0.002245749117741558
2023-01-03,07:22:00,93.42,0.0012861736334406348
2023-01-03,07:23:00,93.86,0.004709912224363011
2023-01-03,07:24:00,93.98,0.0012784998934582958
2023-01-03,07:25:00,94.19,0.0022345179825493666
2023-01-03,07:26:00,93.94,-0.002654209576388178
2023-01-03,07:27:00,93.9,-0.0004258037044921892
2023-01-03,07:28:00,93.85,-0.0005324813631524261
2023-01-03,07:29:00,93.39,-0.0049014384656366206
2023-01-03,07:30:00,93.61,0.002355712603062443
2023-01-03,07:31:00,93.35,-0.0027774810383506265
2023-01-03,07:32:00,93.19,-0.0017139796464916701
2023-01-03,07:33:00,93.31,0.0012876918124262726
2023-01-03,07:34:00,93.41,0.0010716964955523878
2023-01-03,07:35:00,93.38,-0.0003211647575206422
2023-01-03,07:36:00,93.44,0.0006425358749198029
2023-01-03,07:37:00,93.39,-0.0005351027397260122
2023-01-03,07:38:00,93.14,-0.0026769461398437056
2023-01-03,07:39:00,92.76,-0.004079879750912507
2023-01-03,07:40:00,92.35,-0.004420008624407168
2023-01-03,07:41:00,92.09,-0.00281537628586892
2023-01-03,07:42:00,92.16,0.0007601259637310953
2023-01-03,07:43:00,92.07,-0.0009765625
2023-01-03,07:44:00,92.19,0.0013033561420658923
2023-01-03,07:45:00,92.2,0.00010847163466753962
2023-01-03,07:46:00,92.37,0.0018438177874187112
2023-01-03,07:47:00,92.66,0.003139547472122972
2023-01-03,07:48:00,92.34,-0.003453485862292216
2023-01-03,07:49:00,92.4,0.0006497725795970855
2023-01-03,07:50:00,92.41,0.00010822510822494635
2023-01-03,07:51:00,92.76,0.0037874688886485597
2023-01-03,07:52:00,92.98,0.0023717119448036783
2023-01-03,07:53:00,92.97,-0.0001075500107550198
2023-01-03,07:54:00,93.34,0.003979778423147229
2023-01-03,07:55:00,93.29,-0.0005356760231411961
2023-01-03,07:56:00,93.09,-0.002143852502947796
2023-01-03,07:57:00,93.2,0.0011816521645720002
2023-01-03,07:58:00,93.59,0.004184549356223144
2023-01-03,07:59:00,93.61,0.00021369804466275788
2023-01-04,00:00:00,94.15,0.005768614464266797
2023-01-04,00:01:00,94.51,0.003823685608072225
2023-01-04,00:02:00,94.51,0.0
2023-01-04,00:03:00,94.45,-0.0006348534546608553
2023-01-04,00:04:00,94.08,-0.003917416622551628
2023-01-04,00:05:00,93.65,-0.004570578231292477
2023-01-04,00:06:00,93.51,-0.0014949279231180057
2023-01-04,00:07:00,93.83,0.0034220938937010725
2023-01-04,00:08:00,93.65,-0.0019183629969091731
2023-01-04,00:09:00,93.73,0.0008542445274959398
2023-01-04,00:10:00,93.79,0.0006401365624666422
2023-01-04,00:11:00,94.04,0.0026655293741337793
2023-01-04,00:12:00,93.88,-0.0017014036580179637
2023-01-04,00:13:00,93.92,0.0004260758414997845
2023-01-04,00:14:00,93.84,-0.0008517887563883608
2023-01-04,00:15:00,94.04,0.002131287297527651
2023-01-04,00:16:00,93.93,-0.0011697150148872737
2023-01-04,00:17:00,94.12,0.002022782923453592
2023-01-04,00:18:00,94.36,0.0025499362515937207
2023-01-04,00:19:00,94.8,0.004662992793556642
2023-01-04,00:20:00,94.78,-0.00021097046413498521
2023-01-04,00:21:00,94.8,0.000211014982063773
2023-01-04,00:22:00,94.49,-0.0032700421940928814
2023-01-04,00:23:00,94.14,-0.003704095671499541
2023-01-04,00:24:00,94.33,0.0020182706607181355
2023-01-04,00:25:00,94.44,0.0011661189441323216
2023-01-04,00:26:00,94.78,0.003600169419737398
2023-01-04,00:27:00,95.01,0.0024266722937329455
2023-01-04,00:28:00,94.89,-0.00126302494474273
2023-01-04,00:29:00,95.09,0.002107703656865967
2023-01-04,00:30:00,94.71,-0.003996214112945706
2023-01-04,00:31:00,94.75,0.00042234188575651643
2023-01-04,00:32:00,94.38,-0.003905013192612161
2023-01-04,00:33:00,94.72,0.0036024581479128237
2023-01-04,00:34:00,95.12,0.004222972972973027
2023-01-04,00:35:00,94.77,-0.0036795626576956453
2023-01-04,00:36:00,94.25,-0.005486968449931351
2023-01-04,00:37:00,94.34,0.0009549071618037974
2023-01-04,00:38:00,93.99,-0.0037099851600594924
2023-01-04,00:39:00,94.15,0.001702308756250881
2023-01-04,00:40:00,93.99,-0.0016994158258100134
2023-01-04,00:41:00,94.51,0.0055325034578148635
2023-01-04,00:42:00,95.31,0.008464712728811774
2023-01-04,00:43:00,95.26,-0.0005246039240373035
2023-01-04,00:44:00,95.39,0.0013646861221918716
2023-01-04,00:45:00,94.83,-0.005870636335045587
2023-01-04,00:46:00,94.75,-0.0008436148898027795
2023-01-04,00:47:00,94.44,-0.0032717678100263603
2023-01-04,00:48:00,94.79,0.003706056755612197
2023-01-04,00:49:00,95.08,0.0030593944508914284
2023-01-04,00:50:00,95.53,0.00473285654185962
2023-01-04,00:51:00,95.87,0.0035590913849052885
2023-01-04,00:52:00,96.08,0.0021904662563887456
2023-01-04,00:53:00,95.96,-0.0012489592006661443
2023-01-04,00:54:00,96.04,0.0008336807002919944
2023-01-04,00:55:00,95.73,-0.0032278217409412724
2023-01-04,00:56:00,95.38,-0.0036561161600334735
2023-01-04,00:57:00,95.24,-0.0014678129586915833
2023-01-04,00:58:00,95.05,-0.0019949601007979156
2023-01-04,00:59:00,95.0,-0.0005260389268805232
2023-01-04,01:00:00,94.49,-0.005368421052631578
2023-01-04,01:01:00,94.06,-0.0045507461106994995
2023-01-04,01:02:00,94.57,0.005422071018498675
2023-01-04,01:03:00,94.24,-0.0034894786930316224
2023-01-04,01:04:00,94.53,0.003077249575551777
2023-01-04,01:05:00,94.53,0.0
2023-01-04,01:06:00,93.95,-0.006135618322225755
2023-01-04,01:07:00,93.61,-0.0036189462480042955
2023-01-04,01:08:00,93.66,0.0005341309689135265
2023-01-04,01:09:00,93.61,-0.0005338458253255629
2023-01-04,01:10:00,93.23,-0.004059395363743112
2023-01-04,01:11:00,93.31,0.0008580928885550954
2023-01-04,01:12:00,93.0,-0.0033222591362126463
2023-01-04,01:13:00,92.9,-0.0010752688172042113
2023-01-04,01:14:00,93.11,0.002260495156081843
2023-01-04,01:15:00,92.79,-0.0034367951884866077
2023-01-04,01:16:00,93.3,0.005496281926931745
2023-01-04,01:17:00,93.46,0.0017148981779206984
2023-01-04,01:18:00,93.33,-0.0013909693986732252
2023-01-04,01:19:00,93.47,0.0015000535733418197
2023-01-04,01:20:00,93.35,-0.0012838343853643908
2023-01-04,01:21:00,93.3,-0.0005356186395286677
2023-01-04,01:22:00,93.13,-0.0018220793140407698
2023-01-04,01:23:00,93.42,0.003113926769032549
2023-01-04,01:24:00,93.38,-0.0004281738385785161
2023-01-04,01:25:00,93.41,0.00032126793745979043
2023-01-04,01:26:00,93.62,0.0022481533026443845
2023-01-04,01:27:00,93.49,-0.0013885921811579438
2023-01-04,01:28:00,93.62,0.0013905230505937283
2023-01-04,01:29:00,93.31,-0.0033112582781457123
2023-01-04,01:30:00,93.23,-0.0008573571964419768
2023-01-04,01:31:00,93.19,-0.0004290464442776587
2023-01-04,01:32:00,92.72,-0.005043459598669364
2023-01-04,01:33:00,92.81,0.0009706643658327074
2023-01-04,01:34:00,92.94,0.0014007111302660746
2023-01-04,01:35:00,92.92,-0.00021519259737456942
2023-01-04,01:36:00,93.13,0.002260008609556552
2023-01-04,01:37:00,93.01,-0.0012885214216685759
2023-01-04,01:38:00,92.9,-0.001182668530265607
2023-01-04,01:39:00,92.83,-0.0007534983853606514
2023-01-04,01:40:00,92.99,0.0017235807389852642
2023-01-04,01:41:00,92.8,-0.0020432304548876346
2023-01-04,01:42:00,92.59,-0.002262931034482718
2023-01-04,01:43:00,92.77,0.0019440544335240784
2023-01-04,01:44:00,92.81,0.00043117387086355485
2023-01-04,01:45:00,93.1,0.0031246632905936877
2023-01-04,01:46:00,93.34,0.002577873254565155
2023-01-04,01:47:00,92.66,-0.007285193914720489
2023-01-04,01:48:00,92.63,-0.0003237642995899126
2023-01-04,01:49:00,92.89,0.002806866026125565
2023-01-04,01:50:00,92.87,-0.0002153084293249341
2023-01-04,01:51:00,93.02,0.001615160977710639
2023-01-04,01:52:00,93.29,0.00290260159105582
2023-01-04,01:53:00,93.22,-0.0007503483760318286
2023-01-04,01:54:00,93.06,-0.0017163698777086234
2023-01-04,01:55:00,93.62,0.006017623038899744
2023-01-04,01:56:00,93.56,-0.0006408886989959228
2023-01-04,01:57:00,94.05,0.005237280889268892
2023-01-04,01:58:00,93.89,-0.0017012227538543145
2023-01-04,01:59:00,93.55,-0.0036212589200128598
2023-01-04,02:00:00,93.51,-0.000427578834847564
2023-01-04,02:01:00,93.56,0.0005347021708907995
2023-01-04,02:02:00,93.98,0.004489097905087558
2023-01-04,02:03:00,93.97,-0.00010640561821673167
2023-01-04,02:04:00,93.78,-0.0020219218899648617
2023-01-04,02:05:00,93.77,-0.00010663254425258284
2023-01-04,02:06:00,93.48,-0.0030926735629731583
2023-01-04,02:07:00,93.93,0.004813863928113005
2023-01-04,02:08:00,93.85,-0.0008516980730332024
2023-01-04,02:09:00,93.82,-0.0003196590303675695
2023-01-04,02:10:00,93.84,0.00021317416329158512
2023-01-04,02:11:00,93.94,0.0010656436487637144
2023-01-04,02:12:00,93.56,-0.00404513519267613
2023-01-04,02:13:00,93.67,0.0011757161179990483
2023-01-04,02:14:00,93.6,-0.0007473043663926981
2023-01-04,02:15:00,93.86,0.002777777777777768
2023-01-04,02:16:00,93.85,-0.00010654165778822833
2023-01-04,02:17:00,93.94,0.0009589770911029305
2023-01-04,02:18:00,93.96,0.0002129018522460946
2023-01-04,02:19:00,93.85,-0.001170710940825881
2023-01-04,02:20:00,94.03,0.001917954182205639
2023-01-04,02:21:00,94.25,0.002339678825906688
2023-01-04,02:22:00,94.65,0.004244031830238804
2023-01-04,02:23:00,94.46,-0.002007395668251588
2023-01-04,02:24:00,94.72,0.002752487825534722
2023-01-04,02:25:00,94.65,-0.0007390202702701743
2023-01-04,02:26:00,94.4,-0.002641310089804505
2023-01-04,02:27:00,94.77,0.003919491525423702
2023-01-04,02:28:00,94.61,-0.0016882979845942447
2023-01-04,02:29:00,94.37,-0.0025367297325863403
2023-01-04,02:30:00,94.1,-0.0028610787326481812
2023-01-04,02:31:00,93.92,-0.001912858660998884
2023-01-04,02:32:00,94.22,0.0031942078364566306
2023-01-04,02:33:00,94.23,0.0001061345786457224
2023-01-04,02:34:00,94.59,0.0038204393505252288
2023-01-04,02:35:00,94.28,-0.0032773020403847886
2023-01-04,02:36:00,94.17,-0.001166737378022864
2023-01-04,02:37:00,94.41,0.0025485823510671413
2023-01-04,02:38:00,94.54,0.0013769727783075059
2023-01-04,02:39:00,94.58,0.00042310133276912687
2023-01-04,02:40:00,94.6,0.00021146119687043274
2023-01-04,02:41:00,94.61,0.00010570824524314126
2023-01-04,02:42:00,94.78,0.0017968502272487363
2023-01-04,02:43:00,95.3,0.005486389533656766
2023-01-04,02:44:00,95.92,0.006505771248688452
2023-01-04,02:45:00,96.03,0.0011467889908256534
2023-01-04,02:46:00,96.06,0.0003124023742580029
2023-01-04,02:47:00,96.25,0.0019779304601290626
2023-01-04,02:48:00,96.47,0.0022857142857142243
2023-01-04,02:49:00,96.87,0.004146366746138774
2023-01-04,02:50:00,97.31,0.0045421699184473585
2023-01-04,02:51:00,97.29,-0.00020552872263890354
2023-01-04,02:52:00,97.02,-0.0027752081406106077
2023-01-04,02:53:00,97.19,0.0017522160379304097
2023-01-04,02:54:00,97.25,0.0006173474637307663
2023-01-04,02:55:00,97.01,-0.002467866323907386
2023-01-04,02:56:00,96.68,-0.003401711163797505
2023-01-04,02:57:00,97.22,0.005585436491518436
2023-01-04,02:58:00,97.13,-0.0009257354453816591
2023-01-04,02:59:00,97.5,0.003809327705137422
2023-01-04,03:00:00,97.39,-0.0011282051282051064
2023-01-04,03:01:00,97.62,0.0023616387719478382
2023-01-04,03:02:00,97.41,-0.002151198524892539
2023-01-04,03:03:00,97.1,-0.0031824248023817336
2023-01-04,03:04:00,97.33,0.0023686920700309866
2023-01-04,03:05:00,97.37,0.00041097297852665804
2023-01-04,03:06:00,97.1,-0.0027729280065729167
2023-01-04,03:07:00,96.91,-0.0019567456230690228
2023-01-04,03:08:00,97.13,0.002270147559591429
2023-01-04,03:09:00,96.85,-0.0028827344795634424
2023-01-04,03:10:00,96.72,-0.0013422818791946067
2023-01-04,03:11:00,96.79,0.0007237386269645096
2023-01-04,03:12:00,96.79,0.0
2023-01-04,03:13:00,96.89,0.0010331645831180847
2023-01-04,03:14:00,96.57,-0.0033027144184126778
2023-01-04,03:15:00,96.28,-0.0030030030030029353
2023-01-04,03:16:00,96.42,0.0014540922309929094
2023-01-04,03:17:00,96.61,0.001970545529973
2023-01-04,03:18:00,97.0,0.004036849187454727
2023-01-04,03:19:00,96.89,-0.0011340206185567192
2023-01-04,03:20:00,96.85,-0.00041283930230162635
2023-01-04,03:21:00,96.76,-0.0009292720702115398
2023-01-04,03:22:00,96.03,-0.007544439851178253
2023-01-04,03:23:00,95.98,-0.0005206706237633751
2023-01-04,03:24:00,95.73,-0.0026047093144404565
2023-01-04,03:25:00,95.78,0.0005223023085760836
2023-01-04,03:26:00,95.87,0.0009396533723116107
2023-01-04,03:27:00,95.91,0.00041723166788343313
2023-01-04,03:28:00,96.0,0.0009383797309978625
2023-01-04,03:29:00,96.03,0.00031249999999993783
2023-01-04,03:30:00,96.23,0.0020826824950537226
2023-01-04,03:31:00,96.07,-0.0016626831549414467
2023-01-04,03:32:00,95.95,-0.0012490892057873682
2023-01-04,03:33:00,95.9,-0.0005211047420531356
2023-01-04,03:34:00,95.95,0.0005213764337852478
2023-01-04,03:35:00,96.4,0.004689942678478332
2023-01-04,03:36:00,96.09,-0.0032157676348547604
2023-01-04,03:37:00,95.9,-0.0019773129357892882
2023-01-04,03:38:00,96.24,0.003545359749739241
2023-01-04,03:39:00,95.93,-0.003221113881961668
2023-01-04,03:40:00,95.65,-0.0029187949546544134
2023-01-04,03:41:00,95.66,0.0001045478306325176
2023-01-04,03:42:00,95.65,-0.00010453690152611994
2023-01-04,03:43:00,95.86,0.0021955044432826476
2023-01-04,03:44:00,95.93,0.0007302315877322219
2023-01-04,03:45:00,96.19,0.00271030960075036
2023-01-04,03:46:00,96.36,0.0017673354818588116
2023-01-04,03:47:00,96.6,0.00249066002490661
2023-01-04,03:48:00,96.25,-0.0036231884057970065
2023-01-04,03:49:00,96.51,0.002701298701298649
2023-01-04,03:50:00,96.95,0.0045591130452802275
2023-01-04,03:51:00,97.11,0.0016503352243424363
2023-01-04,03:52:00,97.18,0.0007208320461333795
2023-01-04,03:53:00,97.22,0.0004116073266102749
2023-01-04,03:54:00,97.17,-0.0005142974696563662
2023-01-04,03:55:00,97.15,-0.000205824843058533
2023-01-04,03:56:00,96.71,-0.004529078744210158
2023-01-04,03:57:00,97.04,0.0034122634681006403
2023-01-04,03:58:00,97.02,-0.0002061005770817026
2023-01-04,03:59:00,97.29,0.002782931354360141
2023-01-04,04:00:00,97.04,-0.0025696371672320195
2023-01-04,04:01:00,97.12,0.0008244023083263663
2023-01-04,04:02:00,97.17,0.0005148270181218884
2023-01-04,04:03:00,97.08,-0.0009262117937635095
2023-01-04,04:04:00,97.02,-0.0006180469715698633
2023-01-04,04:05:00,96.66,-0.0037105751391465214
2023-01-04,04:06:00,96.26,-0.004138216428719144
2023-01-04,04:07:00,96.58,0.0033243299397465176
2023-01-04,04:08:00,96.53,-0.000517705529095025
2023-01-04,04:09:00,96.79,0.0026934631720709756
2023-01-04,04:10:00,96.78,-0.00010331645831185288
2023-01-04,04:11:00,96.88,0.00103327133705311
2023-01-04,04:12:00,97.48,0.0061932287365813465
2023-01-04,04:13:00,97.53,0.0005129257283544852
2023-01-04,04:14:00,97.73,0.0020506510817184243
2023-01-04,04:15:00,97.86,0.001330195436406445
2023-01-04,04:16:00,98.0,0.0014306151645206988
2023-01-04,04:17:00,97.82,-0.001836734693877573
2023-01-04,04:18:00,97.59,-0.0023512574115721607
2023-01-04,04:19:00,97.59,0.0
2023-01-04,04:20:00,97.72,0.0013321036991493784
2023-01-04,04:21:00,97.65,-0.0007163323782234388
2023-01-04,04:22:00,97.67,0.0002048131080387705
2023-01-04,04:23:00,97.61,-0.0006143135046585702
2023-01-04,04:24:00,97.82,0.002151418911996661
2023-01-04,04:25:00,97.63,-0.0019423430791248864
2023-01-04,04:26:00,97.55,-0.000819420260165904
2023-01-04,04:27:00,97.61,0.0006150691952844234
2023-01-04,04:28:00,97.54,-0.0007171396373322203
2023-01-04,04:29:00,97.6,0.0006151322534344583
2023-01-04,04:30:00,97.84,0.0024590163934428144
2023-01-04,04:31:00,97.78,-0.0006132461161079128
2023-01-04,04:32:00,97.82,0.00040908161178143665
2023-01-04,04:33:00,97.9,0.0008178286648947708
2023-01-04,04:34:00,97.78,-0.0012257405515833097
2023-01-04,04:35:00,97.38,-0.004090816117815588
2023-01-04,04:36:00,97.12,-0.0026699527623741393
2023-01-04,04:37:00,96.59,-0.005457166392092261
2023-01-04,04:38:00,96.72,0.0013458950201883368
2023-01-04,04:39:00,96.79,0.0007237386269645096
2023-01-04,04:40:00,96.98,0.0019630127079244275
2023-01-04,04:41:00,97.08,0.0010311404413281267
2023-01-04,04:42:00,97.06,-0.00020601565718991743
2023-01-04,04:43:00,97.45,0.004018133113538047
2023-01-04,04:44:00,97.31,-0.001436634171369966
2023-01-04,04:45:00,97.1,-0.002158051587709431
2023-01-04,04:46:00,96.48,-0.006385169927909273
2023-01-04,04:47:00,96.36,-0.0012437810945273853
2023-01-04,04:48:00,96.12,-0.002490660024906499
2023-01-04,04:49:00,96.26,0.0014565126924677152
2023-01-04,04:50:00,95.8,-0.004778724288385661
2023-01-04,04:51:00,95.97,0.0017745302713987332
2023-01-04,04:52:00,96.0,0.0003125976867770497
2023-01-04,04:53:00,96.04,0.0004166666666667318
2023-01-04,04:54:00,95.92,-0.001249479383590213
2023-01-04,04:55:00,96.38,0.004795663052543642
2023-01-04,04:56:00,96.3,-0.0008300477277443097
2023-01-04,04:57:00,96.31,0.00010384215991687817
2023-01-04,04:58:00,96.77,0.004776243380749667
2023-01-04,04:59:00,96.63,-0.0014467293582721696
2023-01-04,05:00:00,96.56,-0.000724412708268618
2023-01-04,05:01:00,96.92,0.0037282518641259532
2023-01-04,05:02:00,97.17,0.002579446966570309
2023-01-04,05:03:00,97.16,-0.00010291242152937752
2023-01-04,05:04:00,96.65,-0.005249073692877637
2023-01-04,05:05:00,96.87,0.002276254526642596
2023-01-04,05:06:00,97.08,0.002167853824713406
2023-01-04,05:07:00,96.79,-0.002987227029254136
2023-01-04,05:08:00,96.86,0.0007232152081826371
2023-01-04,05:09:00,96.95,0.0009291761304976998
2023-01-04,05:10:00,96.86,-0.0009283135636926065
2023-01-04,05:11:00,96.96,0.0010324179227749752
2023-01-04,05:12:00,96.65,-0.0031971947194717742
2023-01-04,05:13:00,96.58,-0.0007242628039317855
2023-01-04,05:14:00,96.81,0.002381445433837337
2023-01-04,05:15:00,96.98,0.0017560169403987302
2023-01-04,05:16:00,96.62,-0.0037121055887812116
2023-01-04,05:17:00,96.23,-0.004036431380666561
2023-01-04,05:18:00,96.46,0.0023901070352279064
2023-01-04,05:19:00,96.93,0.0048724860045616936
2023-01-04,05:20:00,97.28,0.003610853193025898
2023-01-04,05:21:00,97.21,-0.0007195723684211286
2023-01-04,05:22:00,96.81,-0.004114803003806067
2023-01-04,05:23:00,96.71,-0.0010329511414111092
2023-01-04,05:24:00,96.94,0.00237824423534283
2023-01-04,05:25:00,97.02,0.0008252527336496396
2023-01-04,05:26:00,96.99,-0.00030921459492894154
2023-01-04,05:27:00,96.55,-0.004536550159810249
2023-01-04,05:28:00,96.54,-0.00010357327809418226
2023-01-04,05:29:00,95.72,-0.008493888543608996
2023-01-04,05:30:00,95.81,0.0009402423735895837
2023-01-04,05:31:00,95.78,-0.0003131197161048149
2023-01-04,05:32:00,95.94,0.0016704948841093081
2023-01-04,05:33:00,96.11,0.0017719407963310285
2023-01-04,05:34:00,96.39,0.0029133284777858037
2023-01-04,05:35:00,96.27,-0.0012449424214130422
2023-01-04,05:36:00,95.93,-0.0035317336657316734
2023-01-04,05:37:00,96.53,0.006254560617116489
2023-01-04,05:38:00,96.55,0.00020718947477460503
2023-01-04,05:39:00,96.54,-0.00010357327809418226
2023-01-04,05:40:00,96.91,0.0038326082452868615
2023-01-04,05:41:00,97.14,0.002373336085027322
2023-01-04,05:42:00,97.18,0.00041177681696535906
2023-01-04,05:43:00,96.95,-0.0023667421280099132
2023-01-04,05:44:00,96.97,0.00020629190304277678
2023-01-04,05:45:00,96.71,-0.002681241621119934
2023-01-04,05:46:00,96.82,0.0011374211560335468
2023-01-04,05:47:00,96.66,-0.0016525511258004277
2023-01-04,05:48:00,96.43,-0.00237947444651343
2023-01-04,05:49:00,96.59,0.0016592346780046618
2023-01-04,05:50:00,96.29,-0.003105911585050136
2023-01-04,05:51:00,96.26,-0.0003115588326929597
2023-01-04,05:52:00,95.86,-0.0041554124246832025
2023-01-04,05:53:00,96.4,0.005633215105361966
2023-01-04,05:54:00,96.6,0.0020746887966804906
2023-01-04,05:55:00,96.72,0.001242236024844745
2023-01-04,05:56:00,96.5,-0.002274607113316729
2023-01-04,05:57:00,96.5,0.0
2023-01-04,05:58:00,96.42,-0.000829015544041467
2023-01-04,05:59:00,96.34,-0.0008297033810412691
2023-01-04,06:00:00,96.65,0.003217770396512387
2023-01-04,06:01:00,97.08,0.0044490429384376196
2023-01-04,06:02:00,96.95,-0.0013391017717345743
2023-01-04,06:03:00,96.57,-0.003919546157813425
2023-01-04,06:04:00,96.5,-0.0007248627938282182
2023-01-04,06:05:00,96.83,0.003419689119170899
2023-01-04,06:06:00,97.36,0.005473510275741056
2023-01-04,06:07:00,97.47,0.0011298274445357137
2023-01-04,06:08:00,97.51,0.000410382681850896
2023-01-04,06:09:00,97.07,-0.004512357706901948
2023-01-04,06:10:00,96.83,-0.002472442567219457
2023-01-04,06:11:00,96.6,-0.002375296912114022
2023-01-04,06:12:00,96.49,-0.0011387163561076274
2023-01-04,06:13:00,96.45,-0.0004145507306455576
2023-01-04,06:14:00,96.79,0.0035251425609124087
2023-01-04,06:15:00,96.93,0.0014464304163652741
2023-01-04,06:16:00,97.11,0.0018570102135559985
2023-01-04,06:17:00,97.0,-0.0011327360724950886
2023-01-04,06:18:00,97.05,0.0005154639175257714
2023-01-04,06:19:00,97.14,0.0009273570324574987
2023-01-04,06:20:00,97.15,0.00010294420424128425
2023-01-04,06:21:00,97.0,-0.0015440041173443442
2023-01-04,06:22:00,97.08,0.0008247422680411898
2023-01-04,06:23:00,97.06,-0.00020601565718991743
2023-01-04,06:24:00,97.26,0.0020605810838656424
2023-01-04,06:25:00,97.35,0.0009253547193088796
2023-01-04,06:26:00,97.41,0.0006163328197226203
2023-01-04,06:27:00,97.43,0.00020531772918608304
2023-01-04,06:28:00,97.43,0.0
2023-01-04,06:29:00,97.82,0.004002873858154343
2023-01-04,06:30:00,97.91,0.0009200572480065894
2023-01-04,06:31:00,98.07,0.0016341538147277568
2023-01-04,06:32:00,98.06,-0.00010196798205353019
2023-01-04,06:33:00,98.05,-0.00010197838058334519
2023-01-04,06:34:00,98.21,0.0016318204997449737
2023-01-04,06:35:00,98.48,0.002749210874656516
2023-01-04,06:36:00,98.59,0.001116978066612484
2023-01-04,06:37:00,98.64,0.0005071508266558666
2023-01-04,06:38:00,98.88,0.0024330900243307862
2023-01-04,06:39:00,99.1,0.00222491909385103
2023-01-04,06:40:00,99.34,0.0024217961654895426
2023-01-04,06:41:00,99.2,-0.0014093013891685047
2023-01-04,06:42:00,98.81,-0.003931451612903203
2023-01-04,06:43:00,98.93,0.0012144519785446395
2023-01-04,06:44:00,98.9,-0.0003032447184878606
2023-01-04,06:45:00,98.77,-0.0013144590495450803
2023-01-04,06:46:00,98.69,-0.0008099625392324894
2023-01-04,06:47:00,98.68,-0.00010132738879309322
2023-01-04,06:48:00,98.43,-0.0025334414268342043
2023-01-04,06:49:00,98.18,-0.0025398760540485954
2023-01-04,06:50:00,97.86,-0.0032593196170299654
2023-01-04,06:51:00,97.92,0.0006131207847945852
2023-01-04,06:52:00,97.65,-0.0027573529411764053
2023-01-04,06:53:00,97.36,-0.002969790066564282
2023-01-04,06:54:00,97.44,0.0008216926869351049
2023-01-04,06:55:00,97.55,0.0011288998357963376
2023-01-04,06:56:00,97.49,-0.0006150691952845344
2023-01-04,06:57:00,97.59,0.0010257462303826514
2023-01-04,06:58:00,97.9,0.003176554974894996
2023-01-04,06:59:00,97.58,-0.003268641470888789
2023-01-04,07:00:00,97.95,0.0037917606066817378
2023-01-04,07:01:00,97.77,-0.001837672281776448
2023-01-04,07:02:00,97.63,-0.0014319320855068485
2023-01-04,07:03:00,98.13,0.005121376626037177
2023-01-04,07:04:00,98.08,-0.0005095281769081916
2023-01-04,07:05:00,98.32,0.002446982055464897
2023-01-04,07:06:00,98.63,0.003152969894222979
2023-01-04,07:07:00,98.37,-0.0026361147723815703
2023-01-04,07:08:00,98.23,-0.001423198129511083
2023-01-04,07:09:00,98.25,0.00020360378703032644
2023-01-04,07:10:00,98.4,0.0015267175572519776
2023-01-04,07:11:00,98.83,0.004369918699187014
2023-01-04,07:12:00,99.15,0.003237883233836003
2023-01-04,07:13:00,99.26,0.0011094301563288056
2023-01-04,07:14:00,99.0,-0.0026193834374370617
2023-01-04,07:15:00,99.44,0.004444444444444473
2023-01-04,07:16:00,99.56,0.0012067578439260984
2023-01-04,07:17:00,99.49,-0.0007030936118923581
2023-01-04,07:18:00,99.76,0.0027138405869937543
2023-01-04,07:19:00,99.67,-0.0009021651964715716
2023-01-04,07:20:00,99.56,-0.0011036420186615326
2023-01-04,07:21:00,99.31,-0.002511048613901168
2023-01-04,07:22:00,99.43,0.0012083375289497766
2023-01-04,07:23:00,99.54,0.0011063059438800593
2023-01-04,07:24:00,99.24,-0.00301386377335755
2023-01-04,07:25:00,99.65,0.004131398629585004
2023-01-04,07:26:00,100.03,0.00381334671349709
2023-01-04,07:27:00,99.93,-0.0009997000899729658
2023-01-04,07:28:00,100.27,0.003402381667166887
2023-01-04,07:29:00,100.41,0.0013962301785179765
2023-01-04,07:30:00,100.27,-0.0013942834379045976
2023-01-04,07:31:00,100.3,0.00029919218111107426
2023-01-04,07:32:00,99.99,-0.003090727816550398
2023-01-04,07:33:00,100.15,0.001600160016001606
2023-01-04,07:34:00,100.02,-0.0012980529206191305
2023-01-04,07:35:00,99.47,-0.005498900219956027
2023-01-04,07:36:00,99.24,-0.0023122549512416546
2023-01-04,07:37:00,99.16,-0.0008061265618701796
2023-01-04,07:38:00,99.51,0.0035296490520371204
2023-01-04,07:39:00,99.11,-0.00401969651291334
2023-01-04,07:40:00,99.12,0.00010089799212997796
2023-01-04,07:41:00,99.11,-0.00010088781275230385
2023-01-04,07:42:00,99.34,0.002320653818989049
2023-01-04,07:43:00,98.87,-0.004731226092208551
2023-01-04,07:44:00,98.58,-0.0029331445332254624
2023-01-04,07:45:00,98.76,0.0018259281801582539
2023-01-04,07:46:00,98.86,0.0010125556905629107
2023-01-04,07:47:00,98.98,0.0012138377503541076
2023-01-04,07:48:00,98.83,-0.0015154576682158138
2023-01-04,07:49:00,98.92,0.0009106546595163412
2023-01-04,07:50:00,99.23,0.003133845531742896
2023-01-04,07:51:00,99.33,0.0010077597500754987
2023-01-04,07:52:00,98.97,-0.0036242826940501294
2023-01-04,07:53:00,99.47,0.005052035970496194
2023-01-04,07:54:00,99.57,0.0010053282396702556
2023-01-04,07:55:00,99.36,-0.0021090689966857257
2023-01-04,07:56:00,99.04,-0.0032206119162639935
2023-01-04,07:57:00,99.46,0.0042407108239093105
2023-01-04,07:58:00,99.65,0.0019103157048061536
2023-01-04,07:59:00,99.96,0.0031108881083792284
